{
  "accuracy": 0.9583333333333334,
  "false_positive_rate": 0.0,
  "precision_per_class": [
    0.9230769230769231,
    1.0,
    0.9230769230769231,
    1.0
  ],
  "recall_per_class": [
    1.0,
    1.0,
    1.0,
    0.8333333333333334
  ],
  "f1_per_class": [
    0.96,
    1.0,
    0.96,
    0.9090909090909091
  ],
  "confusion_matrix": [
    [
      12,
      0,
      0,
      0
    ],
    [
      0,
      12,
      0,
      0
    ],
    [
      0,
      0,
      12,
      0
    ],
    [
      1,
      0,
      1,
      10
    ]
  ],
  "best_epoch": 9,
  "total_epochs": 29,
  "train_time_s": 3.29,
  "val_accuracy_history": [
    0.6896551847457886,
    0.6896551847457886,
    0.6896551847457886,
    0.6896551847457886,
    0.7241379022598267,
    0.8965517282485962,
    0.931034505367279,
    0.9655172228813171,
    1.0,
    1.0,
    1.0,
    1.0,
    1.0,
    1.0,
    1.0,
    1.0,
    1.0,
    1.0,
    1.0,
    1.0,
    1.0,
    1.0,
    1.0,
    1.0,
    1.0,
    1.0,
    1.0,
    1.0,
    1.0
  ]
}