{"mean": [7.4367217993030295, 2.505608251813382, 13.3069261225451, 9.215898024698822, 10.196023215151513, 19.554545454545455, 266152.96797108575, 0.031208028393939425, 2.6409676842365806, 20.382212090998312, 3.0388852924296836, 9.862378987878785, 18.954545454545453, 407654.1460692507, -2.292220164121211, 2.8031315123868876, 22.275053557245016, 4.312464368007896, 10.562419460606066, 18.596969696969698, 445512.7145950783, -0.7394500972121218, 51.70903789791501, 7740.030041058533, 55.479345326666206, 159.68785705757602, 17.36969696969697, 154802979.68430936, 0.3821725732272716, 29.553311547177888, 1927.82439372204, 37.0308441813188, 130.80663962424242, 22.172727272727272, 38557632.7116627, -1.4455612934545463, 34.5923542990832, 2584.729867494663, 40.14628537569594, 142.7108492151516, 19.078787878787878, 51695689.16486555], "scale": [4.216417863681593, 2.6511984857776647, 19.681936319094294, 1.2071290081427197, 9.49880043640663, 26.647048741119033, 393656.2661987913, 1.6095254651806628, 3.6616255654854157, 47.67552109747108, 3.706606862691826, 11.782860898499646, 25.62871957819266, 953533.9145378646, 1.8581259855131402, 3.797039278373167, 47.19084813078971, 3.519177473608049, 12.269317076575584, 27.507871984584657, 943830.1682037318, 17.132323790880864, 71.17728177396577, 14900.288311292303, 70.39982661984972, 182.56948248797855, 26.196281078283118, 298010069.50287855, 36.81260868009907, 32.47192895898672, 4015.741770751322, 43.724766284689956, 124.44807041293335, 28.327904357528023, 80317539.28243908, 31.1428535716473, 37.257199190778735, 4136.809419003135, 44.10184365835564, 143.6205797298276, 27.70876414876658, 82738256.55114542]}