{"mean": [7.319347566016948, 2.539817837068468, 13.712556131874262, 9.130880227907083, 10.216263641646494, 21.130750605326877, 350120.99781189783, 0.09161028299031479, 2.8462839294495206, 25.266031299455427, 3.2518355184628893, 10.081896237288131, 22.14769975786925, 646162.7761351733, -2.300837701900726, 2.8567729665686965, 22.50357934521956, 4.361561676648091, 10.776846116222757, 20.210653753026634, 575410.8000764191, -0.8117852320581119, 50.91469374335848, 7444.024682711842, 54.65590152793338, 159.51902987893502, 17.222760290556902, 190440861.64957732, 0.49000333519370365, 30.881379999564526, 2146.021674678713, 39.033928896570046, 134.05953540920095, 21.106537530266344, 54881776.91243005, -2.103227807167072, 36.27489809130412, 3149.9199730955856, 41.24146345496647, 144.70827899273618, 18.17675544794189, 80568634.69862679], "scale": [4.204751661105249, 2.694787836988864, 20.020890739278137, 1.2618905337688182, 9.591924441286915, 26.201812196689495, 511637.0135982217, 1.6229051617722183, 4.143030182416347, 59.95222932326496, 4.163389324621839, 12.366011646319093, 29.0401738231266, 1533324.6968369777, 1.877048269678927, 3.7871397601226504, 46.51775278326674, 3.5067824887219254, 12.397512879501075, 28.132971751533848, 1189848.547734339, 17.0103543871949, 69.6542794358814, 14384.67689010992, 68.89679428334553, 183.10161490851198, 25.59015331841946, 368014900.0661898, 38.94245415996478, 34.53059576667058, 4419.943233744068, 46.250717927894804, 129.0654654968229, 25.785448922733497, 113047996.39624877, 28.75896231594293, 42.82583030790048, 6333.054983084628, 47.755242077565846, 151.97627388652376, 24.937796554205264, 161985435.47375336]}