{
  "mean": [
    0.0017259418393356643,
    3.3221769641831282,
    14.009474075589505,
    3.3235614939509888,
    12.650160018062092,
    43.46596858638743,
    280420.7764541067,
    -4.327607608378343e-05,
    1.8581688563237015,
    4.2471360800622024,
    1.859668162636732,
    7.835909172502488,
    43.46596858638743,
    85048.49436431406,
    9.806775073106376,
    0.8538563430933428,
    0.9045998541960073,
    9.852742299983639,
    3.884363387267627,
    43.68586387434555,
    18139.60443131212,
    -0.003645472296867739,
    1.6721645715349007,
    3.5366861274105093,
    1.672762744557795,
    6.4116261404846355,
    43.46596858638743,
    70775.43315404122,
    0.003997045480210398,
    0.7525470517380699,
    0.697570889027721,
    0.7532685626083644,
    3.1831132167296885,
    43.46596858638743,
    13974.142163820916,
    -0.0018596746823653677,
    0.35931805392522465,
    0.15990923297547624,
    0.3595025879550355,
    1.4802882445108203,
    43.46596858638743,
    3202.9635189915202
  ],
  "scale": [
    0.09396602329710815,
    1.7241270728271982,
    10.892126282747101,
    1.7240202048736968,
    5.816695295413783,
    11.277909834710108,
    217782.03620325177,
    0.08137435648194852,
    0.8912601062416621,
    2.7139308406745966,
    0.8918476134294014,
    3.9473705285844107,
    11.277909834710108,
    54313.37825820806,
    0.057564945566931806,
    0.4189620519036312,
    0.5943885880312697,
    0.06496163738979788,
    2.210806358676862,
    12.523726556880822,
    11927.956617254373,
    0.0438014372614485,
    0.8605531779474359,
    2.709969575426715,
    0.8605130885482482,
    2.9977845189066863,
    11.277909834710108,
    54187.846225930625,
    0.036309990632680075,
    0.36227589501967117,
    0.4477792479765913,
    0.3626179206371282,
    1.6417223309958182,
    11.277909834710108,
    8964.79493054746,
    0.01217326773030449,
    0.17549863226603166,
    0.10831156088561447,
    0.17555275774821946,
    0.7336913605944415,
    11.277909834710108,
    2167.0177983041103
  ],
  "var": [
    0.008829613534272673,
    2.9726141632556833,
    118.63841495931018,
    2.9722456668127437,
    33.83394415968884,
    127.19125023985097,
    47429015292.834465,
    0.006621785892851236,
    0.7943445769778987,
    7.365420607964722,
    0.7953921655797191,
    15.58173408993677,
    127.19125023985097,
    2949943057.819188,
    0.0033137229581238214,
    0.17552920093530097,
    0.35329779358180646,
    0.004220014332363586,
    4.887664755566044,
    156.84372687152197,
    142276149.0631024,
    0.001918565906168609,
    0.7405517720754312,
    7.343935099738448,
    0.7404827755628451,
    8.986712021796592,
    127.19125023985097,
    2936322678.605104,
    0.001318415419745315,
    0.1312438241123038,
    0.20050625491848162,
    0.13149175636719462,
    2.6952522120903426,
    127.19125023985097,
    80367548.14676943,
    0.00014818844723367265,
    0.030799769927247807,
    0.011731394221478172,
    0.030818770753005032,
    0.5383030126109227,
    127.19125023985097,
    4695966.138166794
  ],
  "feature_names": [
    "ax_mean",
    "ax_std",
    "ax_variance",
    "ax_rms",
    "ax_peak_to_peak",
    "ax_dominant_freq_bin",
    "ax_spectral_energy",
    "ay_mean",
    "ay_std",
    "ay_variance",
    "ay_rms",
    "ay_peak_to_peak",
    "ay_dominant_freq_bin",
    "ay_spectral_energy",
    "az_mean",
    "az_std",
    "az_variance",
    "az_rms",
    "az_peak_to_peak",
    "az_dominant_freq_bin",
    "az_spectral_energy",
    "gx_mean",
    "gx_std",
    "gx_variance",
    "gx_rms",
    "gx_peak_to_peak",
    "gx_dominant_freq_bin",
    "gx_spectral_energy",
    "gy_mean",
    "gy_std",
    "gy_variance",
    "gy_rms",
    "gy_peak_to_peak",
    "gy_dominant_freq_bin",
    "gy_spectral_energy",
    "gz_mean",
    "gz_std",
    "gz_variance",
    "gz_rms",
    "gz_peak_to_peak",
    "gz_dominant_freq_bin",
    "gz_spectral_energy"
  ],
  "n_samples_fit": 191
}